﻿{"PayloadData1":"SID: (S-1-5-21-1587066498-1489273250-1035260531-500)","UserName":"EXAMPLE\\Administrator","MapDescription":"Event log cleared","ChunkNumber":0,"Computer":"WIN-77LTAPHIQ1R.example.corp","Payload":"{\"UserData\":{\"LogFileCleared\":{\"SubjectUserSid\":\"S-1-5-21-1587066498-1489273250-1035260531-500\",\"SubjectUserName\":\"Administrator\",\"SubjectDomainName\":\"EXAMPLE\",\"SubjectLogonId\":\"0x35312\"}}}","Channel":"Security","Provider":"Microsoft-Windows-Eventlog","EventId":1102,"EventRecordId":"32853","ProcessId":736,"ThreadId":1592,"Level":"Info","Keywords":"0x4020000000000000","SourceFile":"c:\\t00lz\\EvtxECmd\\discovery_bloodhound.evtx","ExtraDataOffset":0,"HiddenRecord":false,"TimeCreated":"2019-01-20T07:00:50.8002250+00:00","RecordNumber":1}
{"PayloadData1":"Share: \\\\*\\IPC$ ()","PayloadData2":"Object: samr","PayloadData3":"AccessList: Unknown code (%%1538 | %%1541 | %%4416 | %%4417 | %%4418 | %%4419 | %%4420 | %%4423 | %%4424)","PayloadData4":"AccessMask: Unknown code (0x12019F)","PayloadData5":"SID: S-1-5-21-1587066498-1489273250-1035260531-1108","UserName":"EXAMPLE\\admin01","RemoteHost":"10.0.2.18:49786","MapDescription":"Network share object access","ChunkNumber":0,"Computer":"WIN-77LTAPHIQ1R.example.corp","Payload":"{\"EventData\":{\"Data\":[{\"@Name\":\"SubjectUserSid\",\"#text\":\"S-1-5-21-1587066498-1489273250-1035260531-1108\"},{\"@Name\":\"SubjectUserName\",\"#text\":\"admin01\"},{\"@Name\":\"SubjectDomainName\",\"#text\":\"EXAMPLE\"},{\"@Name\":\"SubjectLogonId\",\"#text\":\"0x135FAA\"},{\"@Name\":\"ObjectType\",\"#text\":\"File\"},{\"@Name\":\"IpAddress\",\"#text\":\"10.0.2.18\"},{\"@Name\":\"IpPort\",\"#text\":\"49786\"},{\"@Name\":\"ShareName\",\"#text\":\"\\\\\\\\*\\\\IPC$\"},{\"@Name\":\"ShareLocalPath\"},{\"@Name\":\"RelativeTargetName\",\"#text\":\"samr\"},{\"@Name\":\"AccessMask\",\"#text\":\"0x12019F\"},{\"@Name\":\"AccessList\",\"#text\":\"%%1538, %%1541, %%4416, %%4417, %%4418, %%4419, %%4420, %%4423, %%4424, \"},{\"@Name\":\"AccessReason\",\"#text\":\"-\"}]}}","Channel":"Security","Provider":"Microsoft-Windows-Security-Auditing","EventId":5145,"EventRecordId":"32854","ProcessId":436,"ThreadId":444,"Level":"LogAlways","Keywords":"Audit success","SourceFile":"c:\\t00lz\\EvtxECmd\\discovery_bloodhound.evtx","ExtraDataOffset":0,"HiddenRecord":false,"TimeCreated":"2019-01-20T07:00:56.7848490+00:00","RecordNumber":2}
{"PayloadData1":"Share: \\\\*\\SYSVOL (\\??\\C:\\Windows\\SYSVOL\\sysvol)","PayloadData2":"Object: \\","PayloadData3":"AccessList: Unknown code (%%1541 | %%4423)","PayloadData4":"AccessMask: Unknown code (0x100080)","PayloadData5":"SID: S-1-5-18","UserName":"EXAMPLE\\WIN-77LTAPHIQ1R$","RemoteHost":"fe80::79bf:8ee2:433c:2567:63570","MapDescription":"Network share object access","ChunkNumber":0,"Computer":"WIN-77LTAPHIQ1R.example.corp","Payload":"{\"EventData\":{\"Data\":[{\"@Name\":\"SubjectUserSid\",\"#text\":\"S-1-5-18\"},{\"@Name\":\"SubjectUserName\",\"#text\":\"WIN-77LTAPHIQ1R$\"},{\"@Name\":\"SubjectDomainName\",\"#text\":\"EXAMPLE\"},{\"@Name\":\"SubjectLogonId\",\"#text\":\"0x136123\"},{\"@Name\":\"ObjectType\",\"#text\":\"File\"},{\"@Name\":\"IpAddress\",\"#text\":\"fe80::79bf:8ee2:433c:2567\"},{\"@Name\":\"IpPort\",\"#text\":\"63570\"},{\"@Name\":\"ShareName\",\"#text\":\"\\\\\\\\*\\\\SYSVOL\"},{\"@Name\":\"ShareLocalPath\",\"#text\":\"\\\\??\\\\C:\\\\Windows\\\\SYSVOL\\\\sysvol\"},{\"@Name\":\"RelativeTargetName\",\"#text\":\"\\\\\"},{\"@Name\":\"AccessMask\",\"#text\":\"0x100080\"},{\"@Name\":\"AccessList\",\"#text\":\"%%1541, %%4423, \"},{\"@Name\":\"AccessReason\",\"#text\":\"%%1541:, %%1801, D:(A;;0x1200a9;;;WD), %%4423:, %%1801, D:(A;;0x1200a9;;;WD), \"}]}}","Channel":"Security","Provider":"Microsoft-Windows-Security-Auditing","EventId":5145,"EventRecordId":"32855","ProcessId":436,"ThreadId":444,"Level":"LogAlways","Keywords":"Audit success","SourceFile":"c:\\t00lz\\EvtxECmd\\discovery_bloodhound.evtx","ExtraDataOffset":0,"HiddenRecord":false,"TimeCreated":"2019-01-20T07:01:20.9726017+00:00","RecordNumber":3}
{"PayloadData1":"Share: \\\\*\\IPC$ ()","PayloadData2":"Object: samr","PayloadData3":"AccessList: Unknown code (%%1538 | %%1541 | %%4416 | %%4417 | %%4418 | %%4419 | %%4420 | %%4423 | %%4424)","PayloadData4":"AccessMask: Unknown code (0x12019F)","PayloadData5":"SID: S-1-5-21-1587066498-1489273250-1035260531-1106","UserName":"EXAMPLE\\user01","RemoteHost":"10.0.2.17:49409","MapDescription":"Network share object access","ChunkNumber":0,"Computer":"WIN-77LTAPHIQ1R.example.corp","Payload":"{\"EventData\":{\"Data\":[{\"@Name\":\"SubjectUserSid\",\"#text\":\"S-1-5-21-1587066498-1489273250-1035260531-1106\"},{\"@Name\":\"SubjectUserName\",\"#text\":\"user01\"},{\"@Name\":\"SubjectDomainName\",\"#text\":\"EXAMPLE\"},{\"@Name\":\"SubjectLogonId\",\"#text\":\"0x1361BD\"},{\"@Name\":\"ObjectType\",\"#text\":\"File\"},{\"@Name\":\"IpAddress\",\"#text\":\"10.0.2.17\"},{\"@Name\":\"IpPort\",\"#text\":\"49409\"},{\"@Name\":\"ShareName\",\"#text\":\"\\\\\\\\*\\\\IPC$\"},{\"@Name\":\"ShareLocalPath\"},{\"@Name\":\"RelativeTargetName\",\"#text\":\"samr\"},{\"@Name\":\"AccessMask\",\"#text\":\"0x12019F\"},{\"@Name\":\"AccessList\",\"#text\":\"%%1538, %%1541, %%4416, %%4417, %%4418, %%4419, %%4420, %%4423, %%4424, \"},{\"@Name\":\"AccessReason\",\"#text\":\"-\"}]}}","Channel":"Security","Provider":"Microsoft-Windows-Security-Auditing","EventId":5145,"EventRecordId":"32856","ProcessId":436,"ThreadId":444,"Level":"LogAlways","Keywords":"Audit success","SourceFile":"c:\\t00lz\\EvtxECmd\\discovery_bloodhound.evtx","ExtraDataOffset":0,"HiddenRecord":false,"TimeCreated":"2019-01-20T07:01:41.2063790+00:00","RecordNumber":4}
{"PayloadData1":"Share: \\\\*\\IPC$ ()","PayloadData2":"Object: samr","PayloadData3":"AccessList: Unknown code (%%1538 | %%1541 | %%4416 | %%4417 | %%4418 | %%4419 | %%4420 | %%4423 | %%4424)","PayloadData4":"AccessMask: Unknown code (0x12019F)","PayloadData5":"SID: S-1-5-21-1587066498-1489273250-1035260531-1106","UserName":"EXAMPLE\\user01","RemoteHost":"10.0.2.17:49420","MapDescription":"Network share object access","ChunkNumber":0,"Computer":"WIN-77LTAPHIQ1R.example.corp","Payload":"{\"EventData\":{\"Data\":[{\"@Name\":\"SubjectUserSid\",\"#text\":\"S-1-5-21-1587066498-1489273250-1035260531-1106\"},{\"@Name\":\"SubjectUserName\",\"#text\":\"user01\"},{\"@Name\":\"SubjectDomainName\",\"#text\":\"EXAMPLE\"},{\"@Name\":\"SubjectLogonId\",\"#text\":\"0x13659D\"},{\"@Name\":\"ObjectType\",\"#text\":\"File\"},{\"@Name\":\"IpAddress\",\"#text\":\"10.0.2.17\"},{\"@Name\":\"IpPort\",\"#text\":\"49420\"},{\"@Name\":\"ShareName\",\"#text\":\"\\\\\\\\*\\\\IPC$\"},{\"@Name\":\"ShareLocalPath\"},{\"@Name\":\"RelativeTargetName\",\"#text\":\"samr\"},{\"@Name\":\"AccessMask\",\"#text\":\"0x12019F\"},{\"@Name\":\"AccessList\",\"#text\":\"%%1538, %%1541, %%4416, %%4417, %%4418, %%4419, %%4420, %%4423, %%4424, \"},{\"@Name\":\"AccessReason\",\"#text\":\"-\"}]}}","Channel":"Security","Provider":"Microsoft-Windows-Security-Auditing","EventId":5145,"EventRecordId":"32857","ProcessId":436,"ThreadId":444,"Level":"LogAlways","Keywords":"Audit success","SourceFile":"c:\\t00lz\\EvtxECmd\\discovery_bloodhound.evtx","ExtraDataOffset":0,"HiddenRecord":false,"TimeCreated":"2019-01-20T07:02:45.4093218+00:00","RecordNumber":5}
{"PayloadData1":"Share: \\\\*\\IPC$ ()","PayloadData2":"Object: lsarpc","PayloadData3":"AccessList: Unknown code (%%1538 | %%1541 | %%4416 | %%4417 | %%4418 | %%4419 | %%4420 | %%4423 | %%4424)","PayloadData4":"AccessMask: Unknown code (0x12019F)","PayloadData5":"SID: S-1-5-21-1587066498-1489273250-1035260531-1106","UserName":"EXAMPLE\\user01","RemoteHost":"10.0.2.17:49420","MapDescription":"Network share object access","ChunkNumber":0,"Computer":"WIN-77LTAPHIQ1R.example.corp","Payload":"{\"EventData\":{\"Data\":[{\"@Name\":\"SubjectUserSid\",\"#text\":\"S-1-5-21-1587066498-1489273250-1035260531-1106\"},{\"@Name\":\"SubjectUserName\",\"#text\":\"user01\"},{\"@Name\":\"SubjectDomainName\",\"#text\":\"EXAMPLE\"},{\"@Name\":\"SubjectLogonId\",\"#text\":\"0x13659D\"},{\"@Name\":\"ObjectType\",\"#text\":\"File\"},{\"@Name\":\"IpAddress\",\"#text\":\"10.0.2.17\"},{\"@Name\":\"IpPort\",\"#text\":\"49420\"},{\"@Name\":\"ShareName\",\"#text\":\"\\\\\\\\*\\\\IPC$\"},{\"@Name\":\"ShareLocalPath\"},{\"@Name\":\"RelativeTargetName\",\"#text\":\"lsarpc\"},{\"@Name\":\"AccessMask\",\"#text\":\"0x12019F\"},{\"@Name\":\"AccessList\",\"#text\":\"%%1538, %%1541, %%4416, %%4417, %%4418, %%4419, %%4420, %%4423, %%4424, \"},{\"@Name\":\"AccessReason\",\"#text\":\"-\"}]}}","Channel":"Security","Provider":"Microsoft-Windows-Security-Auditing","EventId":5145,"EventRecordId":"32858","ProcessId":436,"ThreadId":444,"Level":"LogAlways","Keywords":"Audit success","SourceFile":"c:\\t00lz\\EvtxECmd\\discovery_bloodhound.evtx","ExtraDataOffset":0,"HiddenRecord":false,"TimeCreated":"2019-01-20T07:02:45.4249182+00:00","RecordNumber":6}
{"PayloadData1":"Share: \\\\*\\IPC$ ()","PayloadData2":"Object: NETLOGON","PayloadData3":"AccessList: Unknown code (%%1538 | %%1541 | %%4416 | %%4417 | %%4418 | %%4419 | %%4420 | %%4423 | %%4424)","PayloadData4":"AccessMask: Unknown code (0x12019F)","PayloadData5":"SID: S-1-5-21-1587066498-1489273250-1035260531-1106","UserName":"EXAMPLE\\user01","RemoteHost":"10.0.2.17:49420","MapDescription":"Network share object access","ChunkNumber":0,"Computer":"WIN-77LTAPHIQ1R.example.corp","Payload":"{\"EventData\":{\"Data\":[{\"@Name\":\"SubjectUserSid\",\"#text\":\"S-1-5-21-1587066498-1489273250-1035260531-1106\"},{\"@Name\":\"SubjectUserName\",\"#text\":\"user01\"},{\"@Name\":\"SubjectDomainName\",\"#text\":\"EXAMPLE\"},{\"@Name\":\"SubjectLogonId\",\"#text\":\"0x13659D\"},{\"@Name\":\"ObjectType\",\"#text\":\"File\"},{\"@Name\":\"IpAddress\",\"#text\":\"10.0.2.17\"},{\"@Name\":\"IpPort\",\"#text\":\"49420\"},{\"@Name\":\"ShareName\",\"#text\":\"\\\\\\\\*\\\\IPC$\"},{\"@Name\":\"ShareLocalPath\"},{\"@Name\":\"RelativeTargetName\",\"#text\":\"NETLOGON\"},{\"@Name\":\"AccessMask\",\"#text\":\"0x12019F\"},{\"@Name\":\"AccessList\",\"#text\":\"%%1538, %%1541, %%4416, %%4417, %%4418, %%4419, %%4420, %%4423, %%4424, \"},{\"@Name\":\"AccessReason\",\"#text\":\"-\"}]}}","Channel":"Security","Provider":"Microsoft-Windows-Security-Auditing","EventId":5145,"EventRecordId":"32859","ProcessId":436,"ThreadId":444,"Level":"LogAlways","Keywords":"Audit success","SourceFile":"c:\\t00lz\\EvtxECmd\\discovery_bloodhound.evtx","ExtraDataOffset":0,"HiddenRecord":false,"TimeCreated":"2019-01-20T07:02:45.4406933+00:00","RecordNumber":7}
{"PayloadData1":"Share: \\\\*\\IPC$ ()","PayloadData2":"Object: samr","PayloadData3":"AccessList: Unknown code (%%1538 | %%1541 | %%4416 | %%4417 | %%4418 | %%4419 | %%4420 | %%4423 | %%4424)","PayloadData4":"AccessMask: Unknown code (0x12019F)","PayloadData5":"SID: S-1-5-21-1587066498-1489273250-1035260531-1106","UserName":"EXAMPLE\\user01","RemoteHost":"10.0.2.17:49420","MapDescription":"Network share object access","ChunkNumber":0,"Computer":"WIN-77LTAPHIQ1R.example.corp","Payload":"{\"EventData\":{\"Data\":[{\"@Name\":\"SubjectUserSid\",\"#text\":\"S-1-5-21-1587066498-1489273250-1035260531-1106\"},{\"@Name\":\"SubjectUserName\",\"#text\":\"user01\"},{\"@Name\":\"SubjectDomainName\",\"#text\":\"EXAMPLE\"},{\"@Name\":\"SubjectLogonId\",\"#text\":\"0x13659D\"},{\"@Name\":\"ObjectType\",\"#text\":\"File\"},{\"@Name\":\"IpAddress\",\"#text\":\"10.0.2.17\"},{\"@Name\":\"IpPort\",\"#text\":\"49420\"},{\"@Name\":\"ShareName\",\"#text\":\"\\\\\\\\*\\\\IPC$\"},{\"@Name\":\"ShareLocalPath\"},{\"@Name\":\"RelativeTargetName\",\"#text\":\"samr\"},{\"@Name\":\"AccessMask\",\"#text\":\"0x12019F\"},{\"@Name\":\"AccessList\",\"#text\":\"%%1538, %%1541, %%4416, %%4417, %%4418, %%4419, %%4420, %%4423, %%4424, \"},{\"@Name\":\"AccessReason\",\"#text\":\"-\"}]}}","Channel":"Security","Provider":"Microsoft-Windows-Security-Auditing","EventId":5145,"EventRecordId":"32860","ProcessId":436,"ThreadId":444,"Level":"LogAlways","Keywords":"Audit success","SourceFile":"c:\\t00lz\\EvtxECmd\\discovery_bloodhound.evtx","ExtraDataOffset":0,"HiddenRecord":false,"TimeCreated":"2019-01-20T07:02:45.4723844+00:00","RecordNumber":8}
{"PayloadData1":"Share: \\\\*\\IPC$ ()","PayloadData2":"Object: samr","PayloadData3":"AccessList: Unknown code (%%1538 | %%1541 | %%4416 | %%4417 | %%4418 | %%4419 | %%4420 | %%4423 | %%4424)","PayloadData4":"AccessMask: Unknown code (0x12019F)","PayloadData5":"SID: S-1-5-21-1587066498-1489273250-1035260531-1106","UserName":"EXAMPLE\\user01","RemoteHost":"10.0.2.17:49420","MapDescription":"Network share object access","ChunkNumber":0,"Computer":"WIN-77LTAPHIQ1R.example.corp","Payload":"{\"EventData\":{\"Data\":[{\"@Name\":\"SubjectUserSid\",\"#text\":\"S-1-5-21-1587066498-1489273250-1035260531-1106\"},{\"@Name\":\"SubjectUserName\",\"#text\":\"user01\"},{\"@Name\":\"SubjectDomainName\",\"#text\":\"EXAMPLE\"},{\"@Name\":\"SubjectLogonId\",\"#text\":\"0x13659D\"},{\"@Name\":\"ObjectType\",\"#text\":\"File\"},{\"@Name\":\"IpAddress\",\"#text\":\"10.0.2.17\"},{\"@Name\":\"IpPort\",\"#text\":\"49420\"},{\"@Name\":\"ShareName\",\"#text\":\"\\\\\\\\*\\\\IPC$\"},{\"@Name\":\"ShareLocalPath\"},{\"@Name\":\"RelativeTargetName\",\"#text\":\"samr\"},{\"@Name\":\"AccessMask\",\"#text\":\"0x12019F\"},{\"@Name\":\"AccessList\",\"#text\":\"%%1538, %%1541, %%4416, %%4417, %%4418, %%4419, %%4420, %%4423, %%4424, \"},{\"@Name\":\"AccessReason\",\"#text\":\"-\"}]}}","Channel":"Security","Provider":"Microsoft-Windows-Security-Auditing","EventId":5145,"EventRecordId":"32861","ProcessId":436,"ThreadId":444,"Level":"LogAlways","Keywords":"Audit success","SourceFile":"c:\\t00lz\\EvtxECmd\\discovery_bloodhound.evtx","ExtraDataOffset":0,"HiddenRecord":false,"TimeCreated":"2019-01-20T07:02:45.5032021+00:00","RecordNumber":9}
{"PayloadData1":"Share: \\\\*\\IPC$ ()","PayloadData2":"Object: srvsvc","PayloadData3":"AccessList: Unknown code (%%1538 | %%1541 | %%4416 | %%4417 | %%4418 | %%4419 | %%4420 | %%4423 | %%4424)","PayloadData4":"AccessMask: Unknown code (0x12019F)","PayloadData5":"SID: S-1-5-21-1587066498-1489273250-1035260531-1106","UserName":"EXAMPLE\\user01","RemoteHost":"10.0.2.17:49420","MapDescription":"Network share object access","ChunkNumber":0,"Computer":"WIN-77LTAPHIQ1R.example.corp","Payload":"{\"EventData\":{\"Data\":[{\"@Name\":\"SubjectUserSid\",\"#text\":\"S-1-5-21-1587066498-1489273250-1035260531-1106\"},{\"@Name\":\"SubjectUserName\",\"#text\":\"user01\"},{\"@Name\":\"SubjectDomainName\",\"#text\":\"EXAMPLE\"},{\"@Name\":\"SubjectLogonId\",\"#text\":\"0x13659D\"},{\"@Name\":\"ObjectType\",\"#text\":\"File\"},{\"@Name\":\"IpAddress\",\"#text\":\"10.0.2.17\"},{\"@Name\":\"IpPort\",\"#text\":\"49420\"},{\"@Name\":\"ShareName\",\"#text\":\"\\\\\\\\*\\\\IPC$\"},{\"@Name\":\"ShareLocalPath\"},{\"@Name\":\"RelativeTargetName\",\"#text\":\"srvsvc\"},{\"@Name\":\"AccessMask\",\"#text\":\"0x12019F\"},{\"@Name\":\"AccessList\",\"#text\":\"%%1538, %%1541, %%4416, %%4417, %%4418, %%4419, %%4420, %%4423, %%4424, \"},{\"@Name\":\"AccessReason\",\"#text\":\"-\"}]}}","Channel":"Security","Provider":"Microsoft-Windows-Security-Auditing","EventId":5145,"EventRecordId":"32862","ProcessId":436,"ThreadId":444,"Level":"LogAlways","Keywords":"Audit success","SourceFile":"c:\\t00lz\\EvtxECmd\\discovery_bloodhound.evtx","ExtraDataOffset":0,"HiddenRecord":false,"TimeCreated":"2019-01-20T07:02:45.5501125+00:00","RecordNumber":10}
