﻿{"PayloadData2":"GrantedAccess: Unknown code (0x1F1FFF)","PayloadData3":"SourceProcessID: 3092, SourceProcessGUID: ","PayloadData4":"SourceImage: , ","PayloadData5":"TargetProcessID: 1632, TargetProcessGUID: ","PayloadData6":"TargetImage: C:\\Windows\\system32\\notepad.exe","UserName":"SourceUser:  | TargetUser: ","ExecutableInfo":"CallTrace: C:\\Windows\\SYSTEM32\\ntdll.dll+4591c|C:\\Windows\\system32\\KERNELBASE.dll+8185|C:\\Windows\\Microsoft.NET\\Framework\\v2.0.50727\\mscorwks.dll+1d59|UNKNOWN(043F99AB)|UNKNOWN(04396942)|C:\\Windows\\assembly\\NativeImages_v2.0.50727_32\\System.Management.A#\\4a19b10c25d9e1a0dbdf5baf4b3561ea\\System.Management.Automation.ni.dll+f1ffa800|C:\\Windows\\assembly\\NativeImages_v2.0.50727_32\\System.Management.A#\\4a19b10c25d9e1a0dbdf5baf4b3561ea\\System.Management.Automation.ni.dll+f1ffa800|C:\\Windows\\assembly\\NativeImages_v2.0.50727_32\\System.Management.A#\\4a19b10c25d9e1a0dbdf5baf4b3561ea\\System.Management.Automation.ni.dll+f1ffa800|C:\\Windows\\assembly\\NativeImages_v2.0.50727_32\\System.Management.A#\\4a19b10c25d9e1a0dbdf5baf4b3561ea\\System.Management.Automation.ni.dll+f1ffa800|C:\\Windows\\assembly\\NativeImages_v2.0.50727_32\\System.Management.A#\\4a19b10c25d9e1a0dbdf5baf4b3561ea\\System.Management.Automation.ni.dll+f1ffa800|C:\\Windows\\assembly\\NativeImages_v2.0.50727_32\\System.Management.A#\\4a19b10c25d9e1a0dbdf5baf4b3561ea\\System.Management.Automation.ni.dll+f1ffa800|C:\\Windows\\assembly\\NativeImages_v2.0.50727_32\\System.Management.A#\\4a19b10c25d9e1a0dbdf5baf4b3561ea\\System.Management.Automation.ni.dll+f1ffa800|C:\\Windows\\assembly\\NativeImages_v2.0.50727_32\\System.Management.A#\\4a19b10c25d9e1a0dbdf5baf4b3561ea\\System.Management.Automation.ni.dll+f1ffa800|C:\\Windows\\assembly\\NativeImages_v2.0.50727_32\\System.Management.A#\\4a19b10c25d9e1a0dbdf5baf4b3561ea\\System.Management.Automation.ni.dll+f1ffa800|C:\\Windows\\assembly\\NativeImages_v2.0.50727_32\\System.Management.A#\\4a19b10c25d9e1a0dbdf5baf4b3561ea\\System.Management.Automation.ni.dll+f1ffa800|C:\\Windows\\assembly\\NativeImages_v2.0.50727_32\\System.Management.A#\\4a19b10c25d9e1a0dbdf5baf4b3561ea\\System.Management.Automation.ni.dll+f1ffa800","MapDescription":"ProcessAccess","ChunkNumber":0,"Computer":"IEWIN7","Payload":"{\"EventData\":{\"Data\":[{\"@Name\":\"RuleName\"},{\"@Name\":\"UtcTime\",\"#text\":\"2019-07-03 20:39:29.223\"},{\"@Name\":\"SourceProcessGUID\",\"#text\":\"365abb72-0c16-5d1d-0000-00108b721100\"},{\"@Name\":\"SourceProcessId\",\"#text\":\"3092\"},{\"@Name\":\"SourceThreadId\",\"#text\":\"2768\"},{\"@Name\":\"SourceImage\",\"#text\":\", \"},{\"@Name\":\"TargetProcessGUID\",\"#text\":\"365abb72-1256-5d1d-0000-0010fb1a1b00\"},{\"@Name\":\"TargetProcessId\",\"#text\":\"1632\"},{\"@Name\":\"TargetImage\",\"#text\":\"C:\\\\Windows\\\\system32\\\\notepad.exe\"},{\"@Name\":\"GrantedAccess\",\"#text\":\"0x1F1FFF\"},{\"@Name\":\"CallTrace\",\"#text\":\"C:\\\\Windows\\\\SYSTEM32\\\\ntdll.dll+4591c|C:\\\\Windows\\\\system32\\\\KERNELBASE.dll+8185|C:\\\\Windows\\\\Microsoft.NET\\\\Framework\\\\v2.0.50727\\\\mscorwks.dll+1d59|UNKNOWN(043F99AB)|UNKNOWN(04396942)|C:\\\\Windows\\\\assembly\\\\NativeImages_v2.0.50727_32\\\\System.Management.A#\\\\4a19b10c25d9e1a0dbdf5baf4b3561ea\\\\System.Management.Automation.ni.dll+f1ffa800|C:\\\\Windows\\\\assembly\\\\NativeImages_v2.0.50727_32\\\\System.Management.A#\\\\4a19b10c25d9e1a0dbdf5baf4b3561ea\\\\System.Management.Automation.ni.dll+f1ffa800|C:\\\\Windows\\\\assembly\\\\NativeImages_v2.0.50727_32\\\\System.Management.A#\\\\4a19b10c25d9e1a0dbdf5baf4b3561ea\\\\System.Management.Automation.ni.dll+f1ffa800|C:\\\\Windows\\\\assembly\\\\NativeImages_v2.0.50727_32\\\\System.Management.A#\\\\4a19b10c25d9e1a0dbdf5baf4b3561ea\\\\System.Management.Automation.ni.dll+f1ffa800|C:\\\\Windows\\\\assembly\\\\NativeImages_v2.0.50727_32\\\\System.Management.A#\\\\4a19b10c25d9e1a0dbdf5baf4b3561ea\\\\System.Management.Automation.ni.dll+f1ffa800|C:\\\\Windows\\\\assembly\\\\NativeImages_v2.0.50727_32\\\\System.Management.A#\\\\4a19b10c25d9e1a0dbdf5baf4b3561ea\\\\System.Management.Automation.ni.dll+f1ffa800|C:\\\\Windows\\\\assembly\\\\NativeImages_v2.0.50727_32\\\\System.Management.A#\\\\4a19b10c25d9e1a0dbdf5baf4b3561ea\\\\System.Management.Automation.ni.dll+f1ffa800|C:\\\\Windows\\\\assembly\\\\NativeImages_v2.0.50727_32\\\\System.Management.A#\\\\4a19b10c25d9e1a0dbdf5baf4b3561ea\\\\System.Management.Automation.ni.dll+f1ffa800|C:\\\\Windows\\\\assembly\\\\NativeImages_v2.0.50727_32\\\\System.Management.A#\\\\4a19b10c25d9e1a0dbdf5baf4b3561ea\\\\System.Management.Automation.ni.dll+f1ffa800|C:\\\\Windows\\\\assembly\\\\NativeImages_v2.0.50727_32\\\\System.Management.A#\\\\4a19b10c25d9e1a0dbdf5baf4b3561ea\\\\System.Management.Automation.ni.dll+f1ffa800|C:\\\\Windows\\\\assembly\\\\NativeImages_v2.0.50727_32\\\\System.Management.A#\\\\4a19b10c25d9e1a0dbdf5baf4b3561ea\\\\System.Management.Automation.ni.dll+f1ffa800\"}]}}","UserId":"S-1-5-18","Channel":"Microsoft-Windows-Sysmon/Operational","Provider":"Microsoft-Windows-Sysmon","EventId":10,"EventRecordId":"8342","ProcessId":112,"ThreadId":2084,"Level":"Info","Keywords":"Classic","SourceFile":"c:\\t00lz\\EvtxECmd\\Sysmon_meterpreter_ReflectivePEInjection_to_notepad_.evtx","ExtraDataOffset":0,"HiddenRecord":false,"TimeCreated":"2019-07-03T20:39:29.2234835+00:00","RecordNumber":1}
{"PayloadData1":"StartAddress: 0x00560000","PayloadData2":"RuleName: ","PayloadData3":"SourceProcessID: 3092, SourceProcessGUID: 365abb72-0c16-5d1d-0000-00108b721100","PayloadData4":"SourceImage: C:\\Windows\\System32\\WindowsPowerShell\\v1.0\\powershell.exe","PayloadData5":"TargetProcessID: 1632, TargetProcessGUID: 365abb72-1256-5d1d-0000-0010fb1a1b00","PayloadData6":"TargetImage: C:\\Windows\\System32\\notepad.exe","UserName":"SourceUser:  | TargetUser: ","MapDescription":"CreateRemoteThread","ChunkNumber":0,"Computer":"IEWIN7","Payload":"{\"EventData\":{\"Data\":[{\"@Name\":\"RuleName\"},{\"@Name\":\"UtcTime\",\"#text\":\"2019-07-03 20:39:30.129\"},{\"@Name\":\"SourceProcessGuid\",\"#text\":\"365abb72-0c16-5d1d-0000-00108b721100\"},{\"@Name\":\"SourceProcessId\",\"#text\":\"3092\"},{\"@Name\":\"SourceImage\",\"#text\":\"C:\\\\Windows\\\\System32\\\\WindowsPowerShell\\\\v1.0\\\\powershell.exe\"},{\"@Name\":\"TargetProcessGuid\",\"#text\":\"365abb72-1256-5d1d-0000-0010fb1a1b00\"},{\"@Name\":\"TargetProcessId\",\"#text\":\"1632\"},{\"@Name\":\"TargetImage\",\"#text\":\"C:\\\\Windows\\\\System32\\\\notepad.exe\"},{\"@Name\":\"NewThreadId\",\"#text\":\"3788\"},{\"@Name\":\"StartAddress\",\"#text\":\"0x00560000\"},{\"@Name\":\"StartModule\"},{\"@Name\":\"StartFunction\"}]}}","UserId":"S-1-5-18","Channel":"Microsoft-Windows-Sysmon/Operational","Provider":"Microsoft-Windows-Sysmon","EventId":8,"EventRecordId":"8343","ProcessId":112,"ThreadId":2084,"Level":"Info","Keywords":"Classic","SourceFile":"c:\\t00lz\\EvtxECmd\\Sysmon_meterpreter_ReflectivePEInjection_to_notepad_.evtx","ExtraDataOffset":0,"HiddenRecord":false,"TimeCreated":"2019-07-03T20:39:30.1297335+00:00","RecordNumber":2}
{"PayloadData1":"StartAddress: 0x00560000","PayloadData2":"RuleName: ","PayloadData3":"SourceProcessID: 3092, SourceProcessGUID: 365abb72-0c16-5d1d-0000-00108b721100","PayloadData4":"SourceImage: C:\\Windows\\System32\\WindowsPowerShell\\v1.0\\powershell.exe","PayloadData5":"TargetProcessID: 1632, TargetProcessGUID: 365abb72-1256-5d1d-0000-0010fb1a1b00","PayloadData6":"TargetImage: C:\\Windows\\System32\\notepad.exe","UserName":"SourceUser:  | TargetUser: ","MapDescription":"CreateRemoteThread","ChunkNumber":0,"Computer":"IEWIN7","Payload":"{\"EventData\":{\"Data\":[{\"@Name\":\"RuleName\"},{\"@Name\":\"UtcTime\",\"#text\":\"2019-07-03 20:39:30.145\"},{\"@Name\":\"SourceProcessGuid\",\"#text\":\"365abb72-0c16-5d1d-0000-00108b721100\"},{\"@Name\":\"SourceProcessId\",\"#text\":\"3092\"},{\"@Name\":\"SourceImage\",\"#text\":\"C:\\\\Windows\\\\System32\\\\WindowsPowerShell\\\\v1.0\\\\powershell.exe\"},{\"@Name\":\"TargetProcessGuid\",\"#text\":\"365abb72-1256-5d1d-0000-0010fb1a1b00\"},{\"@Name\":\"TargetProcessId\",\"#text\":\"1632\"},{\"@Name\":\"TargetImage\",\"#text\":\"C:\\\\Windows\\\\System32\\\\notepad.exe\"},{\"@Name\":\"NewThreadId\",\"#text\":\"2804\"},{\"@Name\":\"StartAddress\",\"#text\":\"0x00560000\"},{\"@Name\":\"StartModule\"},{\"@Name\":\"StartFunction\"}]}}","UserId":"S-1-5-18","Channel":"Microsoft-Windows-Sysmon/Operational","Provider":"Microsoft-Windows-Sysmon","EventId":8,"EventRecordId":"8344","ProcessId":112,"ThreadId":2084,"Level":"Info","Keywords":"Classic","SourceFile":"c:\\t00lz\\EvtxECmd\\Sysmon_meterpreter_ReflectivePEInjection_to_notepad_.evtx","ExtraDataOffset":0,"HiddenRecord":false,"TimeCreated":"2019-07-03T20:39:30.1453585+00:00","RecordNumber":3}
{"PayloadData1":"StartAddress: 0x00560000","PayloadData2":"RuleName: ","PayloadData3":"SourceProcessID: 3092, SourceProcessGUID: 365abb72-0c16-5d1d-0000-00108b721100","PayloadData4":"SourceImage: C:\\Windows\\System32\\WindowsPowerShell\\v1.0\\powershell.exe","PayloadData5":"TargetProcessID: 1632, TargetProcessGUID: 365abb72-1256-5d1d-0000-0010fb1a1b00","PayloadData6":"TargetImage: C:\\Windows\\System32\\notepad.exe","UserName":"SourceUser:  | TargetUser: ","MapDescription":"CreateRemoteThread","ChunkNumber":0,"Computer":"IEWIN7","Payload":"{\"EventData\":{\"Data\":[{\"@Name\":\"RuleName\"},{\"@Name\":\"UtcTime\",\"#text\":\"2019-07-03 20:39:30.160\"},{\"@Name\":\"SourceProcessGuid\",\"#text\":\"365abb72-0c16-5d1d-0000-00108b721100\"},{\"@Name\":\"SourceProcessId\",\"#text\":\"3092\"},{\"@Name\":\"SourceImage\",\"#text\":\"C:\\\\Windows\\\\System32\\\\WindowsPowerShell\\\\v1.0\\\\powershell.exe\"},{\"@Name\":\"TargetProcessGuid\",\"#text\":\"365abb72-1256-5d1d-0000-0010fb1a1b00\"},{\"@Name\":\"TargetProcessId\",\"#text\":\"1632\"},{\"@Name\":\"TargetImage\",\"#text\":\"C:\\\\Windows\\\\System32\\\\notepad.exe\"},{\"@Name\":\"NewThreadId\",\"#text\":\"2588\"},{\"@Name\":\"StartAddress\",\"#text\":\"0x00560000\"},{\"@Name\":\"StartModule\"},{\"@Name\":\"StartFunction\"}]}}","UserId":"S-1-5-18","Channel":"Microsoft-Windows-Sysmon/Operational","Provider":"Microsoft-Windows-Sysmon","EventId":8,"EventRecordId":"8345","ProcessId":112,"ThreadId":2084,"Level":"Info","Keywords":"Classic","SourceFile":"c:\\t00lz\\EvtxECmd\\Sysmon_meterpreter_ReflectivePEInjection_to_notepad_.evtx","ExtraDataOffset":0,"HiddenRecord":false,"TimeCreated":"2019-07-03T20:39:30.1609835+00:00","RecordNumber":4}
{"PayloadData1":"StartAddress: 0x00560000","PayloadData2":"RuleName: ","PayloadData3":"SourceProcessID: 3092, SourceProcessGUID: 365abb72-0c16-5d1d-0000-00108b721100","PayloadData4":"SourceImage: C:\\Windows\\System32\\WindowsPowerShell\\v1.0\\powershell.exe","PayloadData5":"TargetProcessID: 1632, TargetProcessGUID: 365abb72-1256-5d1d-0000-0010fb1a1b00","PayloadData6":"TargetImage: C:\\Windows\\System32\\notepad.exe","UserName":"SourceUser:  | TargetUser: ","MapDescription":"CreateRemoteThread","ChunkNumber":0,"Computer":"IEWIN7","Payload":"{\"EventData\":{\"Data\":[{\"@Name\":\"RuleName\"},{\"@Name\":\"UtcTime\",\"#text\":\"2019-07-03 20:39:30.176\"},{\"@Name\":\"SourceProcessGuid\",\"#text\":\"365abb72-0c16-5d1d-0000-00108b721100\"},{\"@Name\":\"SourceProcessId\",\"#text\":\"3092\"},{\"@Name\":\"SourceImage\",\"#text\":\"C:\\\\Windows\\\\System32\\\\WindowsPowerShell\\\\v1.0\\\\powershell.exe\"},{\"@Name\":\"TargetProcessGuid\",\"#text\":\"365abb72-1256-5d1d-0000-0010fb1a1b00\"},{\"@Name\":\"TargetProcessId\",\"#text\":\"1632\"},{\"@Name\":\"TargetImage\",\"#text\":\"C:\\\\Windows\\\\System32\\\\notepad.exe\"},{\"@Name\":\"NewThreadId\",\"#text\":\"3536\"},{\"@Name\":\"StartAddress\",\"#text\":\"0x00560000\"},{\"@Name\":\"StartModule\"},{\"@Name\":\"StartFunction\"}]}}","UserId":"S-1-5-18","Channel":"Microsoft-Windows-Sysmon/Operational","Provider":"Microsoft-Windows-Sysmon","EventId":8,"EventRecordId":"8346","ProcessId":112,"ThreadId":2084,"Level":"Info","Keywords":"Classic","SourceFile":"c:\\t00lz\\EvtxECmd\\Sysmon_meterpreter_ReflectivePEInjection_to_notepad_.evtx","ExtraDataOffset":0,"HiddenRecord":false,"TimeCreated":"2019-07-03T20:39:30.1766085+00:00","RecordNumber":5}
{"PayloadData1":"StartAddress: 0x00560000","PayloadData2":"RuleName: ","PayloadData3":"SourceProcessID: 3092, SourceProcessGUID: 365abb72-0c16-5d1d-0000-00108b721100","PayloadData4":"SourceImage: C:\\Windows\\System32\\WindowsPowerShell\\v1.0\\powershell.exe","PayloadData5":"TargetProcessID: 1632, TargetProcessGUID: 365abb72-1256-5d1d-0000-0010fb1a1b00","PayloadData6":"TargetImage: C:\\Windows\\System32\\notepad.exe","UserName":"SourceUser:  | TargetUser: ","MapDescription":"CreateRemoteThread","ChunkNumber":0,"Computer":"IEWIN7","Payload":"{\"EventData\":{\"Data\":[{\"@Name\":\"RuleName\"},{\"@Name\":\"UtcTime\",\"#text\":\"2019-07-03 20:39:30.192\"},{\"@Name\":\"SourceProcessGuid\",\"#text\":\"365abb72-0c16-5d1d-0000-00108b721100\"},{\"@Name\":\"SourceProcessId\",\"#text\":\"3092\"},{\"@Name\":\"SourceImage\",\"#text\":\"C:\\\\Windows\\\\System32\\\\WindowsPowerShell\\\\v1.0\\\\powershell.exe\"},{\"@Name\":\"TargetProcessGuid\",\"#text\":\"365abb72-1256-5d1d-0000-0010fb1a1b00\"},{\"@Name\":\"TargetProcessId\",\"#text\":\"1632\"},{\"@Name\":\"TargetImage\",\"#text\":\"C:\\\\Windows\\\\System32\\\\notepad.exe\"},{\"@Name\":\"NewThreadId\",\"#text\":\"3916\"},{\"@Name\":\"StartAddress\",\"#text\":\"0x00560000\"},{\"@Name\":\"StartModule\"},{\"@Name\":\"StartFunction\"}]}}","UserId":"S-1-5-18","Channel":"Microsoft-Windows-Sysmon/Operational","Provider":"Microsoft-Windows-Sysmon","EventId":8,"EventRecordId":"8347","ProcessId":112,"ThreadId":2084,"Level":"Info","Keywords":"Classic","SourceFile":"c:\\t00lz\\EvtxECmd\\Sysmon_meterpreter_ReflectivePEInjection_to_notepad_.evtx","ExtraDataOffset":0,"HiddenRecord":false,"TimeCreated":"2019-07-03T20:39:30.1922335+00:00","RecordNumber":6}
{"PayloadData1":"StartAddress: 0x00560000","PayloadData2":"RuleName: ","PayloadData3":"SourceProcessID: 3092, SourceProcessGUID: 365abb72-0c16-5d1d-0000-00108b721100","PayloadData4":"SourceImage: C:\\Windows\\System32\\WindowsPowerShell\\v1.0\\powershell.exe","PayloadData5":"TargetProcessID: 1632, TargetProcessGUID: 365abb72-1256-5d1d-0000-0010fb1a1b00","PayloadData6":"TargetImage: C:\\Windows\\System32\\notepad.exe","UserName":"SourceUser:  | TargetUser: ","MapDescription":"CreateRemoteThread","ChunkNumber":0,"Computer":"IEWIN7","Payload":"{\"EventData\":{\"Data\":[{\"@Name\":\"RuleName\"},{\"@Name\":\"UtcTime\",\"#text\":\"2019-07-03 20:39:30.207\"},{\"@Name\":\"SourceProcessGuid\",\"#text\":\"365abb72-0c16-5d1d-0000-00108b721100\"},{\"@Name\":\"SourceProcessId\",\"#text\":\"3092\"},{\"@Name\":\"SourceImage\",\"#text\":\"C:\\\\Windows\\\\System32\\\\WindowsPowerShell\\\\v1.0\\\\powershell.exe\"},{\"@Name\":\"TargetProcessGuid\",\"#text\":\"365abb72-1256-5d1d-0000-0010fb1a1b00\"},{\"@Name\":\"TargetProcessId\",\"#text\":\"1632\"},{\"@Name\":\"TargetImage\",\"#text\":\"C:\\\\Windows\\\\System32\\\\notepad.exe\"},{\"@Name\":\"NewThreadId\",\"#text\":\"1028\"},{\"@Name\":\"StartAddress\",\"#text\":\"0x00560000\"},{\"@Name\":\"StartModule\"},{\"@Name\":\"StartFunction\"}]}}","UserId":"S-1-5-18","Channel":"Microsoft-Windows-Sysmon/Operational","Provider":"Microsoft-Windows-Sysmon","EventId":8,"EventRecordId":"8348","ProcessId":112,"ThreadId":2084,"Level":"Info","Keywords":"Classic","SourceFile":"c:\\t00lz\\EvtxECmd\\Sysmon_meterpreter_ReflectivePEInjection_to_notepad_.evtx","ExtraDataOffset":0,"HiddenRecord":false,"TimeCreated":"2019-07-03T20:39:30.2078585+00:00","RecordNumber":7}
{"PayloadData1":"StartAddress: 0x00560000","PayloadData2":"RuleName: ","PayloadData3":"SourceProcessID: 3092, SourceProcessGUID: 365abb72-0c16-5d1d-0000-00108b721100","PayloadData4":"SourceImage: C:\\Windows\\System32\\WindowsPowerShell\\v1.0\\powershell.exe","PayloadData5":"TargetProcessID: 1632, TargetProcessGUID: 365abb72-1256-5d1d-0000-0010fb1a1b00","PayloadData6":"TargetImage: C:\\Windows\\System32\\notepad.exe","UserName":"SourceUser:  | TargetUser: ","MapDescription":"CreateRemoteThread","ChunkNumber":0,"Computer":"IEWIN7","Payload":"{\"EventData\":{\"Data\":[{\"@Name\":\"RuleName\"},{\"@Name\":\"UtcTime\",\"#text\":\"2019-07-03 20:39:30.223\"},{\"@Name\":\"SourceProcessGuid\",\"#text\":\"365abb72-0c16-5d1d-0000-00108b721100\"},{\"@Name\":\"SourceProcessId\",\"#text\":\"3092\"},{\"@Name\":\"SourceImage\",\"#text\":\"C:\\\\Windows\\\\System32\\\\WindowsPowerShell\\\\v1.0\\\\powershell.exe\"},{\"@Name\":\"TargetProcessGuid\",\"#text\":\"365abb72-1256-5d1d-0000-0010fb1a1b00\"},{\"@Name\":\"TargetProcessId\",\"#text\":\"1632\"},{\"@Name\":\"TargetImage\",\"#text\":\"C:\\\\Windows\\\\System32\\\\notepad.exe\"},{\"@Name\":\"NewThreadId\",\"#text\":\"916\"},{\"@Name\":\"StartAddress\",\"#text\":\"0x00560000\"},{\"@Name\":\"StartModule\"},{\"@Name\":\"StartFunction\"}]}}","UserId":"S-1-5-18","Channel":"Microsoft-Windows-Sysmon/Operational","Provider":"Microsoft-Windows-Sysmon","EventId":8,"EventRecordId":"8349","ProcessId":112,"ThreadId":2084,"Level":"Info","Keywords":"Classic","SourceFile":"c:\\t00lz\\EvtxECmd\\Sysmon_meterpreter_ReflectivePEInjection_to_notepad_.evtx","ExtraDataOffset":0,"HiddenRecord":false,"TimeCreated":"2019-07-03T20:39:30.2234835+00:00","RecordNumber":8}
{"PayloadData1":"StartAddress: 0x00560000","PayloadData2":"RuleName: ","PayloadData3":"SourceProcessID: 3092, SourceProcessGUID: 365abb72-0c16-5d1d-0000-00108b721100","PayloadData4":"SourceImage: C:\\Windows\\System32\\WindowsPowerShell\\v1.0\\powershell.exe","PayloadData5":"TargetProcessID: 1632, TargetProcessGUID: 365abb72-1256-5d1d-0000-0010fb1a1b00","PayloadData6":"TargetImage: C:\\Windows\\System32\\notepad.exe","UserName":"SourceUser:  | TargetUser: ","MapDescription":"CreateRemoteThread","ChunkNumber":0,"Computer":"IEWIN7","Payload":"{\"EventData\":{\"Data\":[{\"@Name\":\"RuleName\"},{\"@Name\":\"UtcTime\",\"#text\":\"2019-07-03 20:39:30.239\"},{\"@Name\":\"SourceProcessGuid\",\"#text\":\"365abb72-0c16-5d1d-0000-00108b721100\"},{\"@Name\":\"SourceProcessId\",\"#text\":\"3092\"},{\"@Name\":\"SourceImage\",\"#text\":\"C:\\\\Windows\\\\System32\\\\WindowsPowerShell\\\\v1.0\\\\powershell.exe\"},{\"@Name\":\"TargetProcessGuid\",\"#text\":\"365abb72-1256-5d1d-0000-0010fb1a1b00\"},{\"@Name\":\"TargetProcessId\",\"#text\":\"1632\"},{\"@Name\":\"TargetImage\",\"#text\":\"C:\\\\Windows\\\\System32\\\\notepad.exe\"},{\"@Name\":\"NewThreadId\",\"#text\":\"3252\"},{\"@Name\":\"StartAddress\",\"#text\":\"0x00560000\"},{\"@Name\":\"StartModule\"},{\"@Name\":\"StartFunction\"}]}}","UserId":"S-1-5-18","Channel":"Microsoft-Windows-Sysmon/Operational","Provider":"Microsoft-Windows-Sysmon","EventId":8,"EventRecordId":"8350","ProcessId":112,"ThreadId":2084,"Level":"Info","Keywords":"Classic","SourceFile":"c:\\t00lz\\EvtxECmd\\Sysmon_meterpreter_ReflectivePEInjection_to_notepad_.evtx","ExtraDataOffset":0,"HiddenRecord":false,"TimeCreated":"2019-07-03T20:39:30.2391085+00:00","RecordNumber":9}
{"PayloadData1":"StartAddress: 0x00540000","PayloadData2":"RuleName: ","PayloadData3":"SourceProcessID: 3092, SourceProcessGUID: 365abb72-0c16-5d1d-0000-00108b721100","PayloadData4":"SourceImage: C:\\Windows\\System32\\WindowsPowerShell\\v1.0\\powershell.exe","PayloadData5":"TargetProcessID: 1632, TargetProcessGUID: 365abb72-1256-5d1d-0000-0010fb1a1b00","PayloadData6":"TargetImage: C:\\Windows\\System32\\notepad.exe","UserName":"SourceUser:  | TargetUser: ","MapDescription":"CreateRemoteThread","ChunkNumber":0,"Computer":"IEWIN7","Payload":"{\"EventData\":{\"Data\":[{\"@Name\":\"RuleName\"},{\"@Name\":\"UtcTime\",\"#text\":\"2019-07-03 20:39:30.254\"},{\"@Name\":\"SourceProcessGuid\",\"#text\":\"365abb72-0c16-5d1d-0000-00108b721100\"},{\"@Name\":\"SourceProcessId\",\"#text\":\"3092\"},{\"@Name\":\"SourceImage\",\"#text\":\"C:\\\\Windows\\\\System32\\\\WindowsPowerShell\\\\v1.0\\\\powershell.exe\"},{\"@Name\":\"TargetProcessGuid\",\"#text\":\"365abb72-1256-5d1d-0000-0010fb1a1b00\"},{\"@Name\":\"TargetProcessId\",\"#text\":\"1632\"},{\"@Name\":\"TargetImage\",\"#text\":\"C:\\\\Windows\\\\System32\\\\notepad.exe\"},{\"@Name\":\"NewThreadId\",\"#text\":\"3148\"},{\"@Name\":\"StartAddress\",\"#text\":\"0x00540000\"},{\"@Name\":\"StartModule\"},{\"@Name\":\"StartFunction\"}]}}","UserId":"S-1-5-18","Channel":"Microsoft-Windows-Sysmon/Operational","Provider":"Microsoft-Windows-Sysmon","EventId":8,"EventRecordId":"8351","ProcessId":112,"ThreadId":2084,"Level":"Info","Keywords":"Classic","SourceFile":"c:\\t00lz\\EvtxECmd\\Sysmon_meterpreter_ReflectivePEInjection_to_notepad_.evtx","ExtraDataOffset":0,"HiddenRecord":false,"TimeCreated":"2019-07-03T20:39:30.2547335+00:00","RecordNumber":10}
{"PayloadData1":"ProcessID: 2328, ProcessGUID: 365abb72-1282-5d1d-0000-0010dd401b00","PayloadData2":"RuleName: ","PayloadData3":"SHA1=892503B20247B341CFD20DDA5FDACFA41527A087,MD5=C648901695E275C8F2AD04B687A68CE2,SHA256=3FA4912EB43FC304652D7B01F118589259861E2D628FA7C86193E54D5F987670,IMPHASH=239D911DFA7551A8B735680BC39B2238","PayloadData4":"ParentProcess: C:\\Windows\\System32\\notepad.exe","PayloadData5":"ParentProcessID: 1632, ParentProcessGUID: 365abb72-1256-5d1d-0000-0010fb1a1b00","PayloadData6":"ParentCommandLine: \"C:\\Windows\\system32\\notepad.exe\" ","UserName":"IEWIN7\\IEUser","ExecutableInfo":"rundll32.exe","MapDescription":"Process creation","ChunkNumber":0,"Computer":"IEWIN7","Payload":"{\"EventData\":{\"Data\":[{\"@Name\":\"RuleName\"},{\"@Name\":\"UtcTime\",\"#text\":\"2019-07-03 20:39:30.254\"},{\"@Name\":\"ProcessGuid\",\"#text\":\"365abb72-1282-5d1d-0000-0010dd401b00\"},{\"@Name\":\"ProcessId\",\"#text\":\"2328\"},{\"@Name\":\"Image\",\"#text\":\"C:\\\\Windows\\\\System32\\\\rundll32.exe\"},{\"@Name\":\"FileVersion\",\"#text\":\"6.1.7600.16385 (win7_rtm.090713-1255)\"},{\"@Name\":\"Description\",\"#text\":\"Windows host process (Rundll32)\"},{\"@Name\":\"Product\",\"#text\":\"Microsoft® Windows® Operating System\"},{\"@Name\":\"Company\",\"#text\":\"Microsoft Corporation\"},{\"@Name\":\"CommandLine\",\"#text\":\"rundll32.exe\"},{\"@Name\":\"CurrentDirectory\",\"#text\":\"C:\\\\Users\\\\IEUser\\\\\"},{\"@Name\":\"User\",\"#text\":\"IEWIN7\\\\IEUser\"},{\"@Name\":\"LogonGuid\",\"#text\":\"365abb72-0a6f-5d1d-0000-0020ca350100\"},{\"@Name\":\"LogonId\",\"#text\":\"0x135CA\"},{\"@Name\":\"TerminalSessionId\",\"#text\":\"1\"},{\"@Name\":\"IntegrityLevel\",\"#text\":\"Medium\"},{\"@Name\":\"Hashes\",\"#text\":\"SHA1=892503B20247B341CFD20DDA5FDACFA41527A087,MD5=C648901695E275C8F2AD04B687A68CE2,SHA256=3FA4912EB43FC304652D7B01F118589259861E2D628FA7C86193E54D5F987670,IMPHASH=239D911DFA7551A8B735680BC39B2238\"},{\"@Name\":\"ParentProcessGuid\",\"#text\":\"365abb72-1256-5d1d-0000-0010fb1a1b00\"},{\"@Name\":\"ParentProcessId\",\"#text\":\"1632\"},{\"@Name\":\"ParentImage\",\"#text\":\"C:\\\\Windows\\\\System32\\\\notepad.exe\"},{\"@Name\":\"ParentCommandLine\",\"#text\":\"\\\"C:\\\\Windows\\\\system32\\\\notepad.exe\\\" \"}]}}","UserId":"S-1-5-18","Channel":"Microsoft-Windows-Sysmon/Operational","Provider":"Microsoft-Windows-Sysmon","EventId":1,"EventRecordId":"8352","ProcessId":112,"ThreadId":2084,"Level":"Info","Keywords":"Classic","SourceFile":"c:\\t00lz\\EvtxECmd\\Sysmon_meterpreter_ReflectivePEInjection_to_notepad_.evtx","ExtraDataOffset":0,"HiddenRecord":false,"TimeCreated":"2019-07-03T20:39:30.2547335+00:00","RecordNumber":11}
{"PayloadData2":"GrantedAccess: Unknown code (0x1FFFFF)","PayloadData3":"SourceProcessID: 1632, SourceProcessGUID: ","PayloadData4":"SourceImage: C:\\Windows\\system32\\notepad.exe","PayloadData5":"TargetProcessID: 2328, TargetProcessGUID: ","PayloadData6":"TargetImage: C:\\Windows\\system32\\rundll32.exe","UserName":"SourceUser:  | TargetUser: ","ExecutableInfo":"CallTrace: C:\\Windows\\SYSTEM32\\ntdll.dll+4530c|C:\\Windows\\system32\\kernel32.dll+51133|C:\\Windows\\system32\\kernel32.dll+5cc37|C:\\Windows\\system32\\kernel32.dll+20ae|UNKNOWN(0053108F)|UNKNOWN(00531147)|UNKNOWN(0054001F)|C:\\Windows\\SYSTEM32\\ntdll.dll+63618|C:\\Windows\\SYSTEM32\\ntdll.dll+635eb","MapDescription":"ProcessAccess","ChunkNumber":0,"Computer":"IEWIN7","Payload":"{\"EventData\":{\"Data\":[{\"@Name\":\"RuleName\"},{\"@Name\":\"UtcTime\",\"#text\":\"2019-07-03 20:39:30.254\"},{\"@Name\":\"SourceProcessGUID\",\"#text\":\"365abb72-1256-5d1d-0000-0010fb1a1b00\"},{\"@Name\":\"SourceProcessId\",\"#text\":\"1632\"},{\"@Name\":\"SourceThreadId\",\"#text\":\"3148\"},{\"@Name\":\"SourceImage\",\"#text\":\"C:\\\\Windows\\\\system32\\\\notepad.exe\"},{\"@Name\":\"TargetProcessGUID\",\"#text\":\"365abb72-1282-5d1d-0000-0010dd401b00\"},{\"@Name\":\"TargetProcessId\",\"#text\":\"2328\"},{\"@Name\":\"TargetImage\",\"#text\":\"C:\\\\Windows\\\\system32\\\\rundll32.exe\"},{\"@Name\":\"GrantedAccess\",\"#text\":\"0x1FFFFF\"},{\"@Name\":\"CallTrace\",\"#text\":\"C:\\\\Windows\\\\SYSTEM32\\\\ntdll.dll+4530c|C:\\\\Windows\\\\system32\\\\kernel32.dll+51133|C:\\\\Windows\\\\system32\\\\kernel32.dll+5cc37|C:\\\\Windows\\\\system32\\\\kernel32.dll+20ae|UNKNOWN(0053108F)|UNKNOWN(00531147)|UNKNOWN(0054001F)|C:\\\\Windows\\\\SYSTEM32\\\\ntdll.dll+63618|C:\\\\Windows\\\\SYSTEM32\\\\ntdll.dll+635eb\"}]}}","UserId":"S-1-5-18","Channel":"Microsoft-Windows-Sysmon/Operational","Provider":"Microsoft-Windows-Sysmon","EventId":10,"EventRecordId":"8353","ProcessId":112,"ThreadId":2084,"Level":"Info","Keywords":"Classic","SourceFile":"c:\\t00lz\\EvtxECmd\\Sysmon_meterpreter_ReflectivePEInjection_to_notepad_.evtx","ExtraDataOffset":0,"HiddenRecord":false,"TimeCreated":"2019-07-03T20:39:30.2547335+00:00","RecordNumber":12}
{"PayloadData1":"ProcessID: 2328, ProcessGUID: 365abb72-1282-5d1d-0000-0010dd401b00","PayloadData2":"RuleName: ","PayloadData3":"SourceHostname: IEWIN7","PayloadData4":"SourceIp: 10.0.2.13","PayloadData5":"DestinationHostname: ","PayloadData6":"DestinationIp: 10.0.2.18","UserName":"IEWIN7\\IEUser","MapDescription":"Network connection","ChunkNumber":0,"Computer":"IEWIN7","Payload":"{\"EventData\":{\"Data\":[{\"@Name\":\"RuleName\"},{\"@Name\":\"UtcTime\",\"#text\":\"2019-07-03 20:39:30.305\"},{\"@Name\":\"ProcessGuid\",\"#text\":\"365abb72-1282-5d1d-0000-0010dd401b00\"},{\"@Name\":\"ProcessId\",\"#text\":\"2328\"},{\"@Name\":\"Image\",\"#text\":\"C:\\\\Windows\\\\System32\\\\rundll32.exe\"},{\"@Name\":\"User\",\"#text\":\"IEWIN7\\\\IEUser\"},{\"@Name\":\"Protocol\",\"#text\":\"tcp\"},{\"@Name\":\"Initiated\",\"#text\":\"True\"},{\"@Name\":\"SourceIsIpv6\",\"#text\":\"False\"},{\"@Name\":\"SourceIp\",\"#text\":\"10.0.2.13\"},{\"@Name\":\"SourceHostname\",\"#text\":\"IEWIN7\"},{\"@Name\":\"SourcePort\",\"#text\":\"49159\"},{\"@Name\":\"SourcePortName\"},{\"@Name\":\"DestinationIsIpv6\",\"#text\":\"False\"},{\"@Name\":\"DestinationIp\",\"#text\":\"10.0.2.18\"},{\"@Name\":\"DestinationHostname\"},{\"@Name\":\"DestinationPort\",\"#text\":\"8181\"},{\"@Name\":\"DestinationPortName\"}]}}","UserId":"S-1-5-18","Channel":"Microsoft-Windows-Sysmon/Operational","Provider":"Microsoft-Windows-Sysmon","EventId":3,"EventRecordId":"8354","ProcessId":112,"ThreadId":2096,"Level":"Info","Keywords":"Classic","SourceFile":"c:\\t00lz\\EvtxECmd\\Sysmon_meterpreter_ReflectivePEInjection_to_notepad_.evtx","ExtraDataOffset":0,"HiddenRecord":false,"TimeCreated":"2019-07-03T20:39:31.7078585+00:00","RecordNumber":13}
