﻿{"PayloadData1":"Target: MSEDGEWIN10\\IEUser","PayloadData2":"LogonType 9","PayloadData3":"LogonId: 0x38F87E","UserName":"MSEDGEWIN10\\IEUser","RemoteHost":"- (::1)","ExecutableInfo":"C:\\Windows\\System32\\svchost.exe","MapDescription":"Successful logon","ChunkNumber":0,"Computer":"MSEDGEWIN10","Payload":"{\"EventData\":{\"Data\":[{\"@Name\":\"SubjectUserSid\",\"#text\":\"S-1-5-21-3461203602-4096304019-2269080069-1000\"},{\"@Name\":\"SubjectUserName\",\"#text\":\"IEUser\"},{\"@Name\":\"SubjectDomainName\",\"#text\":\"MSEDGEWIN10\"},{\"@Name\":\"SubjectLogonId\",\"#text\":\"0x2E4CE\"},{\"@Name\":\"TargetUserSid\",\"#text\":\"S-1-5-21-3461203602-4096304019-2269080069-1000\"},{\"@Name\":\"TargetUserName\",\"#text\":\"IEUser\"},{\"@Name\":\"TargetDomainName\",\"#text\":\"MSEDGEWIN10\"},{\"@Name\":\"TargetLogonId\",\"#text\":\"0x38F87E\"},{\"@Name\":\"LogonType\",\"#text\":\"9\"},{\"@Name\":\"LogonProcessName\",\"#text\":\"seclogo\"},{\"@Name\":\"AuthenticationPackageName\",\"#text\":\"Negotiate\"},{\"@Name\":\"WorkstationName\",\"#text\":\"-\"},{\"@Name\":\"LogonGuid\",\"#text\":\"00000000-0000-0000-0000-000000000000\"},{\"@Name\":\"TransmittedServices\",\"#text\":\"-\"},{\"@Name\":\"LmPackageName\",\"#text\":\"-\"},{\"@Name\":\"KeyLength\",\"#text\":\"0\"},{\"@Name\":\"ProcessId\",\"#text\":\"0x1B90\"},{\"@Name\":\"ProcessName\",\"#text\":\"C:\\\\Windows\\\\System32\\\\svchost.exe\"},{\"@Name\":\"IpAddress\",\"#text\":\"::1\"},{\"@Name\":\"IpPort\",\"#text\":\"0\"},{\"@Name\":\"ImpersonationLevel\",\"#text\":\"%%1833\"},{\"@Name\":\"RestrictedAdminMode\",\"#text\":\"-\"},{\"@Name\":\"TargetOutboundUserName\",\"#text\":\"l\"},{\"@Name\":\"TargetOutboundDomainName\",\"#text\":\"o\"},{\"@Name\":\"VirtualAccount\",\"#text\":\"%%1843\"},{\"@Name\":\"TargetLinkedLogonId\",\"#text\":\"0x0\"},{\"@Name\":\"ElevatedToken\",\"#text\":\"%%1843\"}]}}","Channel":"Security","Provider":"Microsoft-Windows-Security-Auditing","EventId":4624,"EventRecordId":"10113","ProcessId":620,"ThreadId":5596,"Level":"LogAlways","Keywords":"Audit success","SourceFile":"c:\\t00lz\\EvtxECmd\\Invoke_TokenDuplication_UAC_Bypass4624.evtx","ExtraDataOffset":0,"HiddenRecord":false,"TimeCreated":"2019-08-05T09:39:30.6977307+00:00","RecordNumber":1}
