﻿{"PayloadData1":"Target: EXAMPLE\\WIN-77LTAPHIQ1R$","PayloadData2":"LogonType 3","PayloadData3":"LogonId: 0x10FAC2","UserName":"-\\-","RemoteHost":" (fe80::79bf:8ee2:433c:2567)","ExecutableInfo":"-","MapDescription":"Successful logon","ChunkNumber":0,"Computer":"WIN-77LTAPHIQ1R.example.corp","Payload":"{\"EventData\":{\"Data\":[{\"@Name\":\"SubjectUserSid\",\"#text\":\"S-1-0-0\"},{\"@Name\":\"SubjectUserName\",\"#text\":\"-\"},{\"@Name\":\"SubjectDomainName\",\"#text\":\"-\"},{\"@Name\":\"SubjectLogonId\",\"#text\":\"0x0\"},{\"@Name\":\"TargetUserSid\",\"#text\":\"S-1-5-18\"},{\"@Name\":\"TargetUserName\",\"#text\":\"WIN-77LTAPHIQ1R$\"},{\"@Name\":\"TargetDomainName\",\"#text\":\"EXAMPLE\"},{\"@Name\":\"TargetLogonId\",\"#text\":\"0x10FAC2\"},{\"@Name\":\"LogonType\",\"#text\":\"3\"},{\"@Name\":\"LogonProcessName\",\"#text\":\"Kerberos\"},{\"@Name\":\"AuthenticationPackageName\",\"#text\":\"Kerberos\"},{\"@Name\":\"WorkstationName\"},{\"@Name\":\"LogonGuid\",\"#text\":\"5fdb15ee-2283-f23c-e23b-5e5ddb11bb9c\"},{\"@Name\":\"TransmittedServices\",\"#text\":\"-\"},{\"@Name\":\"LmPackageName\",\"#text\":\"-\"},{\"@Name\":\"KeyLength\",\"#text\":\"0\"},{\"@Name\":\"ProcessId\",\"#text\":\"0x0\"},{\"@Name\":\"ProcessName\",\"#text\":\"-\"},{\"@Name\":\"IpAddress\",\"#text\":\"fe80::79bf:8ee2:433c:2567\"},{\"@Name\":\"IpPort\",\"#text\":\"55585\"},{\"@Name\":\"ImpersonationLevel\",\"#text\":\"%%1840\"}]}}","Channel":"Security","Provider":"Microsoft-Windows-Security-Auditing","EventId":4624,"EventRecordId":"563265","ProcessId":452,"ThreadId":696,"Level":"LogAlways","Keywords":"Audit success","SourceFile":"c:\\t00lz\\EvtxECmd\\LM_WMI_4624_4688_TargetHost.evtx","ExtraDataOffset":0,"HiddenRecord":false,"TimeCreated":"2019-03-18T22:15:36.0363760+00:00","RecordNumber":1}
{"PayloadData1":"Target: EXAMPLE\\Administrator","PayloadData2":"LogonType 3","PayloadData3":"LogonId: 0x10FBCC","UserName":"-\\-","RemoteHost":" (10.0.2.17)","ExecutableInfo":"-","MapDescription":"Successful logon","ChunkNumber":0,"Computer":"WIN-77LTAPHIQ1R.example.corp","Payload":"{\"EventData\":{\"Data\":[{\"@Name\":\"SubjectUserSid\",\"#text\":\"S-1-0-0\"},{\"@Name\":\"SubjectUserName\",\"#text\":\"-\"},{\"@Name\":\"SubjectDomainName\",\"#text\":\"-\"},{\"@Name\":\"SubjectLogonId\",\"#text\":\"0x0\"},{\"@Name\":\"TargetUserSid\",\"#text\":\"S-1-5-21-1587066498-1489273250-1035260531-500\"},{\"@Name\":\"TargetUserName\",\"#text\":\"Administrator\"},{\"@Name\":\"TargetDomainName\",\"#text\":\"EXAMPLE\"},{\"@Name\":\"TargetLogonId\",\"#text\":\"0x10FBCC\"},{\"@Name\":\"LogonType\",\"#text\":\"3\"},{\"@Name\":\"LogonProcessName\",\"#text\":\"Kerberos\"},{\"@Name\":\"AuthenticationPackageName\",\"#text\":\"Kerberos\"},{\"@Name\":\"WorkstationName\"},{\"@Name\":\"LogonGuid\",\"#text\":\"baec19da-130d-80f0-bd26-78045ee64d62\"},{\"@Name\":\"TransmittedServices\",\"#text\":\"-\"},{\"@Name\":\"LmPackageName\",\"#text\":\"-\"},{\"@Name\":\"KeyLength\",\"#text\":\"0\"},{\"@Name\":\"ProcessId\",\"#text\":\"0x0\"},{\"@Name\":\"ProcessName\",\"#text\":\"-\"},{\"@Name\":\"IpAddress\",\"#text\":\"10.0.2.17\"},{\"@Name\":\"IpPort\",\"#text\":\"49244\"},{\"@Name\":\"ImpersonationLevel\",\"#text\":\"%%1833\"}]}}","Channel":"Security","Provider":"Microsoft-Windows-Security-Auditing","EventId":4624,"EventRecordId":"563285","ProcessId":452,"ThreadId":3564,"Level":"LogAlways","Keywords":"Audit success","SourceFile":"c:\\t00lz\\EvtxECmd\\LM_WMI_4624_4688_TargetHost.evtx","ExtraDataOffset":0,"HiddenRecord":false,"TimeCreated":"2019-03-18T22:15:49.5831024+00:00","RecordNumber":2}
{"PayloadData1":"Target: EXAMPLE\\Administrator","PayloadData2":"LogonType 3","PayloadData3":"LogonId: 0x10FBEB","UserName":"-\\-","RemoteHost":" (10.0.2.17)","ExecutableInfo":"-","MapDescription":"Successful logon","ChunkNumber":0,"Computer":"WIN-77LTAPHIQ1R.example.corp","Payload":"{\"EventData\":{\"Data\":[{\"@Name\":\"SubjectUserSid\",\"#text\":\"S-1-0-0\"},{\"@Name\":\"SubjectUserName\",\"#text\":\"-\"},{\"@Name\":\"SubjectDomainName\",\"#text\":\"-\"},{\"@Name\":\"SubjectLogonId\",\"#text\":\"0x0\"},{\"@Name\":\"TargetUserSid\",\"#text\":\"S-1-5-21-1587066498-1489273250-1035260531-500\"},{\"@Name\":\"TargetUserName\",\"#text\":\"Administrator\"},{\"@Name\":\"TargetDomainName\",\"#text\":\"EXAMPLE\"},{\"@Name\":\"TargetLogonId\",\"#text\":\"0x10FBEB\"},{\"@Name\":\"LogonType\",\"#text\":\"3\"},{\"@Name\":\"LogonProcessName\",\"#text\":\"Kerberos\"},{\"@Name\":\"AuthenticationPackageName\",\"#text\":\"Kerberos\"},{\"@Name\":\"WorkstationName\"},{\"@Name\":\"LogonGuid\",\"#text\":\"baec19da-130d-80f0-bd26-78045ee64d62\"},{\"@Name\":\"TransmittedServices\",\"#text\":\"-\"},{\"@Name\":\"LmPackageName\",\"#text\":\"-\"},{\"@Name\":\"KeyLength\",\"#text\":\"0\"},{\"@Name\":\"ProcessId\",\"#text\":\"0x0\"},{\"@Name\":\"ProcessName\",\"#text\":\"-\"},{\"@Name\":\"IpAddress\",\"#text\":\"10.0.2.17\"},{\"@Name\":\"IpPort\",\"#text\":\"49249\"},{\"@Name\":\"ImpersonationLevel\",\"#text\":\"%%1833\"}]}}","Channel":"Security","Provider":"Microsoft-Windows-Security-Auditing","EventId":4624,"EventRecordId":"563294","ProcessId":452,"ThreadId":3564,"Level":"LogAlways","Keywords":"Audit success","SourceFile":"c:\\t00lz\\EvtxECmd\\LM_WMI_4624_4688_TargetHost.evtx","ExtraDataOffset":0,"HiddenRecord":false,"TimeCreated":"2019-03-18T22:15:49.6142938+00:00","RecordNumber":3}
{"PayloadData1":"Target: EXAMPLE\\Administrator","PayloadData2":"LogonType 3","PayloadData3":"LogonId: 0x10FC09","UserName":"-\\-","RemoteHost":"PC01 (10.0.2.17)","ExecutableInfo":"-","MapDescription":"Successful logon","ChunkNumber":0,"Computer":"WIN-77LTAPHIQ1R.example.corp","Payload":"{\"EventData\":{\"Data\":[{\"@Name\":\"SubjectUserSid\",\"#text\":\"S-1-0-0\"},{\"@Name\":\"SubjectUserName\",\"#text\":\"-\"},{\"@Name\":\"SubjectDomainName\",\"#text\":\"-\"},{\"@Name\":\"SubjectLogonId\",\"#text\":\"0x0\"},{\"@Name\":\"TargetUserSid\",\"#text\":\"S-1-5-21-1587066498-1489273250-1035260531-500\"},{\"@Name\":\"TargetUserName\",\"#text\":\"Administrator\"},{\"@Name\":\"TargetDomainName\",\"#text\":\"EXAMPLE\"},{\"@Name\":\"TargetLogonId\",\"#text\":\"0x10FC09\"},{\"@Name\":\"LogonType\",\"#text\":\"3\"},{\"@Name\":\"LogonProcessName\",\"#text\":\"NtLmSsp \"},{\"@Name\":\"AuthenticationPackageName\",\"#text\":\"NTLM\"},{\"@Name\":\"WorkstationName\",\"#text\":\"PC01\"},{\"@Name\":\"LogonGuid\",\"#text\":\"00000000-0000-0000-0000-000000000000\"},{\"@Name\":\"TransmittedServices\",\"#text\":\"-\"},{\"@Name\":\"LmPackageName\",\"#text\":\"NTLM V2\"},{\"@Name\":\"KeyLength\",\"#text\":\"128\"},{\"@Name\":\"ProcessId\",\"#text\":\"0x0\"},{\"@Name\":\"ProcessName\",\"#text\":\"-\"},{\"@Name\":\"IpAddress\",\"#text\":\"10.0.2.17\"},{\"@Name\":\"IpPort\",\"#text\":\"49249\"},{\"@Name\":\"ImpersonationLevel\",\"#text\":\"%%1833\"}]}}","Channel":"Security","Provider":"Microsoft-Windows-Security-Auditing","EventId":4624,"EventRecordId":"563297","ProcessId":452,"ThreadId":3564,"Level":"LogAlways","Keywords":"Audit success","SourceFile":"c:\\t00lz\\EvtxECmd\\LM_WMI_4624_4688_TargetHost.evtx","ExtraDataOffset":0,"HiddenRecord":false,"TimeCreated":"2019-03-18T22:15:49.6142938+00:00","RecordNumber":4}
{"PayloadData1":"Parent process: ","PayloadData2":"PID: 0x248","PayloadData3":"Parent PID: 0xAE8","PayloadData4":"Mandatory label: ","PayloadData5":"Target User: \\","UserName":"EXAMPLE\\WIN-77LTAPHIQ1R$","ExecutableInfo":"C:\\Windows\\System32\\wbem\\WmiPrvSE.exe ","MapDescription":"A new process has been created","ChunkNumber":0,"Computer":"WIN-77LTAPHIQ1R.example.corp","Payload":"{\"EventData\":{\"Data\":[{\"@Name\":\"SubjectUserSid\",\"#text\":\"S-1-5-18\"},{\"@Name\":\"SubjectUserName\",\"#text\":\"WIN-77LTAPHIQ1R$\"},{\"@Name\":\"SubjectDomainName\",\"#text\":\"EXAMPLE\"},{\"@Name\":\"SubjectLogonId\",\"#text\":\"0x3E7\"},{\"@Name\":\"NewProcessId\",\"#text\":\"0xAE8\"},{\"@Name\":\"NewProcessName\",\"#text\":\"C:\\\\Windows\\\\System32\\\\wbem\\\\WmiPrvSE.exe\"},{\"@Name\":\"TokenElevationType\",\"#text\":\"%%1936\"},{\"@Name\":\"ProcessId\",\"#text\":\"0x248\"},{\"@Name\":\"CommandLine\"}]}}","Channel":"Security","Provider":"Microsoft-Windows-Security-Auditing","EventId":4688,"EventRecordId":"563298","ProcessId":4,"ThreadId":3696,"Level":"LogAlways","Keywords":"Audit success","SourceFile":"c:\\t00lz\\EvtxECmd\\LM_WMI_4624_4688_TargetHost.evtx","ExtraDataOffset":0,"HiddenRecord":false,"TimeCreated":"2019-03-18T22:15:49.6458894+00:00","RecordNumber":5}
{"PayloadData1":"Parent process: ","PayloadData2":"PID: 0xAE8","PayloadData3":"Parent PID: 0x424","PayloadData4":"Mandatory label: ","PayloadData5":"Target User: \\","UserName":"EXAMPLE\\WIN-77LTAPHIQ1R$","ExecutableInfo":"C:\\Windows\\System32\\calc.exe ","MapDescription":"A new process has been created","ChunkNumber":0,"Computer":"WIN-77LTAPHIQ1R.example.corp","Payload":"{\"EventData\":{\"Data\":[{\"@Name\":\"SubjectUserSid\",\"#text\":\"S-1-5-20\"},{\"@Name\":\"SubjectUserName\",\"#text\":\"WIN-77LTAPHIQ1R$\"},{\"@Name\":\"SubjectDomainName\",\"#text\":\"EXAMPLE\"},{\"@Name\":\"SubjectLogonId\",\"#text\":\"0x3E4\"},{\"@Name\":\"NewProcessId\",\"#text\":\"0x424\"},{\"@Name\":\"NewProcessName\",\"#text\":\"C:\\\\Windows\\\\System32\\\\calc.exe\"},{\"@Name\":\"TokenElevationType\",\"#text\":\"%%1936\"},{\"@Name\":\"ProcessId\",\"#text\":\"0xAE8\"},{\"@Name\":\"CommandLine\"}]}}","Channel":"Security","Provider":"Microsoft-Windows-Security-Auditing","EventId":4688,"EventRecordId":"563299","ProcessId":4,"ThreadId":3696,"Level":"LogAlways","Keywords":"Audit success","SourceFile":"c:\\t00lz\\EvtxECmd\\LM_WMI_4624_4688_TargetHost.evtx","ExtraDataOffset":0,"HiddenRecord":false,"TimeCreated":"2019-03-18T22:15:49.6767481+00:00","RecordNumber":6}
{"PayloadData1":"Target: EXAMPLE\\user01","PayloadData2":"LogonType 3","PayloadData3":"LogonId: 0x110085","UserName":"-\\-","RemoteHost":" (10.0.2.17)","ExecutableInfo":"-","MapDescription":"Successful logon","ChunkNumber":0,"Computer":"WIN-77LTAPHIQ1R.example.corp","Payload":"{\"EventData\":{\"Data\":[{\"@Name\":\"SubjectUserSid\",\"#text\":\"S-1-0-0\"},{\"@Name\":\"SubjectUserName\",\"#text\":\"-\"},{\"@Name\":\"SubjectDomainName\",\"#text\":\"-\"},{\"@Name\":\"SubjectLogonId\",\"#text\":\"0x0\"},{\"@Name\":\"TargetUserSid\",\"#text\":\"S-1-5-21-1587066498-1489273250-1035260531-1106\"},{\"@Name\":\"TargetUserName\",\"#text\":\"user01\"},{\"@Name\":\"TargetDomainName\",\"#text\":\"EXAMPLE\"},{\"@Name\":\"TargetLogonId\",\"#text\":\"0x110085\"},{\"@Name\":\"LogonType\",\"#text\":\"3\"},{\"@Name\":\"LogonProcessName\",\"#text\":\"Kerberos\"},{\"@Name\":\"AuthenticationPackageName\",\"#text\":\"Kerberos\"},{\"@Name\":\"WorkstationName\"},{\"@Name\":\"LogonGuid\",\"#text\":\"31e347dc-ff67-08b3-eadc-1ec267b1975b\"},{\"@Name\":\"TransmittedServices\",\"#text\":\"-\"},{\"@Name\":\"LmPackageName\",\"#text\":\"-\"},{\"@Name\":\"KeyLength\",\"#text\":\"0\"},{\"@Name\":\"ProcessId\",\"#text\":\"0x0\"},{\"@Name\":\"ProcessName\",\"#text\":\"-\"},{\"@Name\":\"IpAddress\",\"#text\":\"10.0.2.17\"},{\"@Name\":\"IpPort\",\"#text\":\"49249\"},{\"@Name\":\"ImpersonationLevel\",\"#text\":\"%%1833\"}]}}","Channel":"Security","Provider":"Microsoft-Windows-Security-Auditing","EventId":4624,"EventRecordId":"563300","ProcessId":452,"ThreadId":2836,"Level":"LogAlways","Keywords":"Audit success","SourceFile":"c:\\t00lz\\EvtxECmd\\LM_WMI_4624_4688_TargetHost.evtx","ExtraDataOffset":0,"HiddenRecord":false,"TimeCreated":"2019-03-18T22:15:49.6924018+00:00","RecordNumber":7}
{"PayloadData1":"Target: EXAMPLE\\WIN-77LTAPHIQ1R$","PayloadData2":"LogonType 3","PayloadData3":"LogonId: 0x116C7B","UserName":"-\\-","RemoteHost":" (::1)","ExecutableInfo":"-","MapDescription":"Successful logon","ChunkNumber":0,"Computer":"WIN-77LTAPHIQ1R.example.corp","Payload":"{\"EventData\":{\"Data\":[{\"@Name\":\"SubjectUserSid\",\"#text\":\"S-1-0-0\"},{\"@Name\":\"SubjectUserName\",\"#text\":\"-\"},{\"@Name\":\"SubjectDomainName\",\"#text\":\"-\"},{\"@Name\":\"SubjectLogonId\",\"#text\":\"0x0\"},{\"@Name\":\"TargetUserSid\",\"#text\":\"S-1-5-18\"},{\"@Name\":\"TargetUserName\",\"#text\":\"WIN-77LTAPHIQ1R$\"},{\"@Name\":\"TargetDomainName\",\"#text\":\"EXAMPLE\"},{\"@Name\":\"TargetLogonId\",\"#text\":\"0x116C7B\"},{\"@Name\":\"LogonType\",\"#text\":\"3\"},{\"@Name\":\"LogonProcessName\",\"#text\":\"Kerberos\"},{\"@Name\":\"AuthenticationPackageName\",\"#text\":\"Kerberos\"},{\"@Name\":\"WorkstationName\"},{\"@Name\":\"LogonGuid\",\"#text\":\"5fdb15ee-2283-f23c-e23b-5e5ddb11bb9c\"},{\"@Name\":\"TransmittedServices\",\"#text\":\"-\"},{\"@Name\":\"LmPackageName\",\"#text\":\"-\"},{\"@Name\":\"KeyLength\",\"#text\":\"0\"},{\"@Name\":\"ProcessId\",\"#text\":\"0x0\"},{\"@Name\":\"ProcessName\",\"#text\":\"-\"},{\"@Name\":\"IpAddress\",\"#text\":\"::1\"},{\"@Name\":\"IpPort\",\"#text\":\"55589\"},{\"@Name\":\"ImpersonationLevel\",\"#text\":\"%%1833\"}]}}","Channel":"Security","Provider":"Microsoft-Windows-Security-Auditing","EventId":4624,"EventRecordId":"563342","ProcessId":452,"ThreadId":696,"Level":"LogAlways","Keywords":"Audit success","SourceFile":"c:\\t00lz\\EvtxECmd\\LM_WMI_4624_4688_TargetHost.evtx","ExtraDataOffset":0,"HiddenRecord":false,"TimeCreated":"2019-03-18T22:16:19.9899444+00:00","RecordNumber":8}
